AddressLine1,City,ModifiedDate
1970 Napa Ct.,Bothell,2007-12-04
9833 Mt. Dias Blv.,Bothell,2008-11-30
7484 Roundtree Drive,Bothell,2013-03-07
9539 Glenside Dr,Bothell,2009-02-03
1226 Shoe St.,Bothell,2008-12-19
1399 Firestone Drive,Bothell,2009-02-13
5672 Hale Dr.,Bothell,2009-12-11
6387 Scenic Avenue,Bothell,2008-12-17
8713 Yosemite Ct.,Bothell,2012-05-30
250 Race Court,Bothell,2008-12-02
1318 Lasalle Street,Bothell,2013-02-28
5415 San Gabriel Dr.,Bothell,2013-01-05
9265 La Paz,Bothell,2013-12-14
8157 W. Book,Bothell,2009-12-04
4912 La Vuelta,Bothell,2013-11-18
40 Ellis St.,Bothell,2012-11-09
6696 Anchor Drive,Bothell,2013-11-08
1873 Lion Circle,Bothell,2013-11-30
3148 Rose Street,Bothell,2014-04-03
6872 Thornwood Dr.,Bothell,2009-02-05
